epoch,train_loss,test_exact
1.0,2.1659264608527953,0.0
2.0,2.0434146693828477,0.0005
3.0,1.9928369956177714,0.0
4.0,1.9569670107588226,0.0
