{
  "best_epoch": 8,
  "best_val_acc": 0.4548651817116061,
  "test_loss": 1.5147062300482916,
  "test_acc": 0.485947416137806,
  "vocab_size": 7691,
  "num_classes": 5,
  "num_train": 7675,
  "num_val": 853,
  "num_test": 3309,
  "device_used": "cpu",
  "loaded_glove_vectors": 0
}