{
  "best_epoch": 24,
  "best_val_acc": 0.3552168815943728,
  "test_loss": 1.4975897240905323,
  "test_acc": 0.36990027198549413,
  "num_train": 7675,
  "num_val": 853,
  "num_test": 3309,
  "vocab_size": 15648,
  "num_classes": 5
}