{
  "best_epoch": 4,
  "best_val_acc": 0.31887456037514655,
  "test_loss": 1.4888208947465584,
  "test_acc": 0.33605318827440317,
  "vocab_size": 7691,
  "num_classes": 5,
  "num_train": 7675,
  "num_val": 853,
  "num_test": 3309,
  "device_used": "cpu",
  "loaded_glove_vectors": 0
}