{
  "best_epoch": 4,
  "best_val_acc": 0.3974208675263775,
  "test_loss": 0.14595388026891715,
  "test_acc": 0.39498337866424904,
  "vocab_size": 7691,
  "num_classes": 5,
  "num_train": 7675,
  "num_val": 853,
  "num_test": 3309,
  "device_used": "cpu",
  "loaded_glove_vectors": 0
}