{
  "best_epoch": 4,
  "best_val_acc": 0.3048065650644783,
  "test_loss": 1.504255388250665,
  "test_acc": 0.3055303717135086,
  "num_train": 7675,
  "num_val": 853,
  "num_test": 3309,
  "vocab_size": 8000,
  "num_classes": 5
}