{
  "best_epoch": 4,
  "best_val_acc": 0.3645955451348183,
  "test_loss": 0.1484398665061419,
  "test_acc": 0.37473556965850713,
  "vocab_size": 7691,
  "num_classes": 5,
  "num_train": 7675,
  "num_val": 853,
  "num_test": 3309,
  "device_used": "cpu",
  "loaded_glove_vectors": 0
}