epoch,train_loss,train_acc,val_loss,val_acc
1.0,1.5273837978599125,0.2895114006514658,1.505393575392183,0.2989449003516999
