{
  "best_epoch": 1,
  "best_val_acc": 0.2989449003516999,
  "test_loss": 1.5079211011758633,
  "test_acc": 0.30099728014505894,
  "num_train": 7675,
  "num_val": 853,
  "num_test": 3309,
  "vocab_size": 2000,
  "num_classes": 5
}