epoch,train_loss,train_acc,val_loss,val_acc
1.0,1.5275463263297313,0.2893811074918567,1.5055493722906705,0.2989449003516999
