epoch,train_loss,train_acc,val_loss,val_acc
1.0,1.4851738871813598,0.3388925081433225,1.4518905606946242,0.34466588511137164
