{
  "best_epoch": 1,
  "best_val_acc": 0.34466588511137164,
  "test_loss": 1.4536871563887517,
  "test_acc": 0.36355394378966455,
  "num_train": 7675,
  "num_val": 853,
  "num_test": 3309,
  "vocab_size": 1200,
  "num_classes": 5
}