{
  "best_epoch": 4,
  "best_val_acc": 0.4056271981242673,
  "test_loss": 1.3578454301089957,
  "test_acc": 0.42611060743427015,
  "vocab_size": 7691,
  "num_classes": 5,
  "num_train": 7675,
  "num_val": 853,
  "num_test": 3309,
  "device_used": "cpu",
  "loaded_glove_vectors": 0
}