epoch,train_loss,train_acc,val_loss,val_acc
1.0,1.5273591338384422,0.2902931596091205,1.5053600067270598,0.2989449003516999
