{
  "best_epoch": 1,
  "best_val_acc": 0.2989449003516999,
  "test_loss": 1.5078713361789684,
  "test_acc": 0.3006950740404956,
  "num_train": 7675,
  "num_val": 853,
  "num_test": 3309,
  "vocab_size": 1500,
  "num_classes": 5
}