{
  "best_epoch": 2,
  "best_val_acc": 0.37749120750293086,
  "test_loss": 1.4131434825151916,
  "test_acc": 0.40102750075551524,
  "vocab_size": 7691,
  "num_classes": 5,
  "num_train": 7675,
  "num_val": 853,
  "num_test": 3309,
  "device_used": "cpu",
  "loaded_glove_vectors": 0
}