{
  "best_epoch": 26,
  "best_val_acc": 0.3563892145369285,
  "test_loss": 1.5016957325458382,
  "test_acc": 0.3702024780900574,
  "num_train": 7675,
  "num_val": 853,
  "num_test": 3309,
  "vocab_size": 15648,
  "num_classes": 5
}