{
  "best_epoch": 2,
  "best_val_acc": 0.3235638921453693,
  "test_loss": 1.5060247895796157,
  "test_acc": 0.3182230281051677,
  "num_train": 7675,
  "num_val": 853,
  "num_test": 3309,
  "vocab_size": 3000,
  "num_classes": 5
}