{
  "best_epoch": 27,
  "best_val_acc": 0.3552168815943728,
  "test_loss": 1.5040234837081001,
  "test_acc": 0.37141130250831067,
  "num_train": 7675,
  "num_val": 853,
  "num_test": 3309,
  "vocab_size": 30000,
  "num_classes": 5
}