epoch,train_loss,train_acc,val_loss,val_acc
1.0,1.500248037440769,0.3249511400651466,1.4586081144259095,0.3481828839390387
