{
  "best_epoch": 1,
  "best_val_acc": 0.3481828839390387,
  "test_loss": 1.4604764247668334,
  "test_acc": 0.36778482925355094,
  "vocab_size": 7691,
  "num_classes": 5,
  "num_train": 7675,
  "num_val": 853,
  "num_test": 3309,
  "device_used": "cpu",
  "loaded_glove_vectors": 0
}