{
  "best_epoch": 8,
  "best_val_acc": 0.451348182883939,
  "test_loss": 1.3119193780598737,
  "test_acc": 0.45542459957691145,
  "vocab_size": 7691,
  "num_classes": 5,
  "num_train": 7675,
  "num_val": 853,
  "num_test": 3309,
  "device_used": "cpu",
  "loaded_glove_vectors": 0
}