{
  "best_epoch": 2,
  "best_val_acc": 0.3563892145369285,
  "test_loss": 1.4552313295798418,
  "test_acc": 0.376548806285887,
  "vocab_size": 7691,
  "num_classes": 5,
  "num_train": 7675,
  "num_val": 853,
  "num_test": 3309,
  "device_used": "cpu",
  "loaded_glove_vectors": 0
}