{
  "best_epoch": 2,
  "best_val_acc": 0.34349355216881594,
  "test_loss": 1.449743236037099,
  "test_acc": 0.35086128739800543,
  "vocab_size": 7691,
  "num_classes": 5,
  "num_train": 7675,
  "num_val": 853,
  "num_test": 3309,
  "device_used": "cpu",
  "loaded_glove_vectors": 0
}