{
  "best_epoch": 8,
  "best_val_acc": 0.31887456037514655,
  "test_loss": 0.1511655105010517,
  "test_acc": 0.3124811121184648,
  "num_train": 7675,
  "num_val": 853,
  "num_test": 3309,
  "vocab_size": 7689,
  "num_classes": 5
}