epoch,train_loss,train_acc,val_loss,val_acc
1.0,1.4822848624126919,0.3371986970684039,1.444899693603113,0.3540445486518171
