epoch,train_loss,test_exact
1.0,2.143986914923999,0.0
2.0,2.046335193641698,0.0
3.0,2.0062942304048605,0.0005
4.0,1.9650667218487141,0.0
