{
  "best_epoch": 2,
  "best_val_acc": 0.369284876905041,
  "test_loss": 1.4088228276648453,
  "test_acc": 0.3946811725596857,
  "vocab_size": 7691,
  "num_classes": 5,
  "num_train": 7675,
  "num_val": 853,
  "num_test": 3309,
  "device_used": "cpu",
  "loaded_glove_vectors": 0
}