{
  "best_epoch": 2,
  "best_val_acc": 0.3704572098475967,
  "test_loss": 1.4315493061809823,
  "test_acc": 0.3871260199456029,
  "vocab_size": 7691,
  "num_classes": 5,
  "num_train": 7675,
  "num_val": 853,
  "num_test": 3309,
  "device_used": "cpu",
  "loaded_glove_vectors": 0
}