{
  "task_name": "Task1-Kinematics-PyBullet-PickPlace",
  "pick_success": true,
  "place_success": true,
  "final_cube_position": [
    0.42000331398819946,
    -0.22019905134778003,
    0.02998860617568046
  ],
  "target_place_position": [
    0.42,
    -0.22,
    0.03
  ],
  "position_error_l2": 0.0001994047161013456,
  "position_error_xy": 0.00019907893301611233,
  "position_error_z": 1.1393824319538143e-05,
  "ee_at_pick_error": 0.04473382481289628
}