epoch,train_loss,train_acc,val_loss,val_acc
1.0,1.5145981530024872,0.31074918566775245,1.4788348729277832,0.2977725674091442
