{
  "best_epoch": 1,
  "best_val_acc": 0.2977725674091442,
  "test_loss": 1.4828122852791756,
  "test_acc": 0.31640979147778786,
  "vocab_size": 7691,
  "num_classes": 5,
  "num_train": 7675,
  "num_val": 853,
  "num_test": 3309,
  "device_used": "cpu",
  "loaded_glove_vectors": 0
}