{
  "best_epoch": 2,
  "best_val_acc": 0.3130128956623681,
  "test_loss": 0.15236502639942567,
  "test_acc": 0.30885463886370507,
  "num_train": 7675,
  "num_val": 853,
  "num_test": 3309,
  "vocab_size": 8000,
  "num_classes": 5
}